{"cameraMode":{"drawMode":0,"name":"Shaded","section":"Shading Mode"},"sceneLighting":true,"audioPlay":false,"sceneViewState":{"showFog":true,"showMaterialUpdate":true,"showSkybox":true,"showFlares":true,"showImageEffects":true,"showParticleSystems":true},"in2DMode":false,"pivot":{"x":-9.264792442321778,"y":3.366236925125122,"z":-177.14852905273438},"rotation":{"x":-0.013330155052244664,"y":-0.9770094156265259,"z":-0.06420072913169861,"w":0.2028626799583435},"size":22.0,"orthographic":false}